,作战名称,活动名称,作战开放时间,作战理智消耗,样本数,主掉落物品名称,主掉落数,单次作战主掉落数量,单位理智主掉落数量,主掉落单件期望理智,副掉落物品名称,副掉落数,单次作战副掉落数量,单位理智副掉落数量,副掉落单件期望理智
0,GT-3,骑兵与猎人,2019-05-30 10:00:00+08:00,12,1135,异铁,1067,0.6017621145374449,0.05014684287812041,19.941434846266475,糖,683,0.6017621145374449,0.05014684287812041,19.941434846266475
1,GT-4,骑兵与猎人,2019-05-30 10:00:00+08:00,12,826,酮凝集,769,0.5653753026634383,0.04711460855528652,21.224839400428266,聚酸酯,467,0.5653753026634383,0.04711460855528652,21.224839400428266
2,DM-4,生于黑夜,2020-04-21 16:00:00+08:00,12,1819,固源岩,3029,0.4359538207806487,0.03632948506505406,27.525851197982345,异铁,793,0.4359538207806487,0.03632948506505406,27.525851197982345
3,DM-5,生于黑夜,2020-04-21 16:00:00+08:00,15,530,糖,712,0.4075471698113208,0.02716981132075472,36.80555555555555,装置,216,0.4075471698113208,0.02716981132075472,36.80555555555555
4,TW-4,沃伦姆德的薄暮,2020-07-09 16:00:00+08:00,12,385,聚酸酯,429,0.8571428571428571,0.07142857142857142,14.0,固源岩,330,0.8571428571428571,0.07142857142857142,14.0
5,TW-5,沃伦姆德的薄暮,2020-07-09 16:00:00+08:00,15,236,酮凝集,260,0.423728813559322,0.02824858757062147,35.4,装置,100,0.423728813559322,0.02824858757062147,35.4
6,RI-4,密林悍将归来,2020-08-25 16:00:00+08:00,12,107,聚酸酯,118,0.8317757009345794,0.06931464174454828,14.426966292134832,固源岩,89,0.8317757009345794,0.06931464174454828,14.426966292134832
7,RI-5,密林悍将归来,2020-08-25 16:00:00+08:00,15,140,异铁,153,0.37857142857142856,0.025238095238095237,39.62264150943396,装置,53,0.37857142857142856,0.025238095238095237,39.62264150943396
8,GT-3,骑兵与猎人・复刻,2020-10-01 16:00:00+08:00,12,42,异铁,41,0.6428571428571429,0.053571428571428575,18.666666666666664,糖,27,0.6428571428571429,0.053571428571428575,18.666666666666664
9,GT-4,骑兵与猎人・复刻,2020-10-01 16:00:00+08:00,12,81,酮凝集,75,0.5555555555555556,0.0462962962962963,21.599999999999998,聚酸酯,45,0.5555555555555556,0.0462962962962963,21.599999999999998
10,MN-4,玛莉娅・临光,2020-10-15 16:00:00+08:00,12,94,糖,102,0.3829787234042553,0.031914893617021274,31.333333333333336,装置,36,0.3829787234042553,0.031914893617021274,31.333333333333336
11,MN-5,玛莉娅・临光,2020-10-15 16:00:00+08:00,15,266,异铁,295,1.0714285714285714,0.07142857142857142,14.0,固源岩,285,1.0714285714285714,0.07142857142857142,14.0
12,MB-4,孤岛风云,2020-12-17 16:00:00+08:00,12,140,聚酸酯,154,0.8071428571428572,0.06726190476190476,14.867256637168142,固源岩,113,0.8071428571428572,0.06726190476190476,14.867256637168142
13,MB-5,孤岛风云,2020-12-17 16:00:00+08:00,15,160,酮凝集,173,0.4375,0.029166666666666667,34.285714285714285,装置,70,0.4375,0.029166666666666667,34.285714285714285
14,WR-4,画中人,2021-02-05 16:00:00+08:00,12,379,聚酸酯,426,0.8390501319261213,0.06992084432717678,14.30188679245283,固源岩,318,0.8390501319261213,0.06992084432717678,14.30188679245283
15,WR-5,画中人,2021-02-05 16:00:00+08:00,12,174,酮凝集,163,0.3390804597701149,0.02825670498084291,35.389830508474574,装置,59,0.3390804597701149,0.02825670498084291,35.389830508474574
16,WR-7,画中人,2021-02-05 16:00:00+08:00,12,194,异铁,174,0.5721649484536082,0.04768041237113402,20.972972972972975,糖,111,0.5721649484536082,0.04768041237113402,20.972972972972975
17,OD-4,源石尘行动,2021-03-09 16:00:00+08:00,12,164,酮凝集,143,0.8719512195121951,0.07266260162601626,13.762237762237762,固源岩,143,0.8719512195121951,0.07266260162601626,13.762237762237762
18,OD-5,源石尘行动,2021-03-09 16:00:00+08:00,12,56,聚酸酯,64,0.625,0.052083333333333336,19.2,糖,35,0.625,0.052083333333333336,19.2
19,OD-6,源石尘行动,2021-03-09 16:00:00+08:00,12,455,装置,311,0.832967032967033,0.06941391941391942,14.406332453825858,固源岩,379,0.832967032967033,0.06941391941391942,14.406332453825858
20,DM-4,生于黑夜・复刻,2021-03-30 16:00:00+08:00,12,54,固源岩,87,0.35185185185185186,0.02932098765432099,34.10526315789473,异铁,19,0.35185185185185186,0.02932098765432099,34.10526315789473
21,DM-5,生于黑夜・复刻,2021-03-30 16:00:00+08:00,15,51,糖,72,0.27450980392156865,0.018300653594771243,54.64285714285714,装置,14,0.27450980392156865,0.018300653594771243,54.64285714285714
22,WD-3,遗尘漫步,2021-04-15 16:00:00+08:00,12,70,酮凝集,65,0.6428571428571429,0.053571428571428575,18.666666666666664,糖,45,0.6428571428571429,0.053571428571428575,18.666666666666664
23,WD-4,遗尘漫步,2021-04-15 16:00:00+08:00,12,666,异铁,597,0.8288288288288288,0.06906906906906907,14.478260869565219,固源岩,552,0.8288288288288288,0.06906906906906907,14.478260869565219
24,WD-5,遗尘漫步,2021-04-15 16:00:00+08:00,12,786,装置,587,0.6437659033078881,0.05364715860899067,18.640316205533598,糖,506,0.6437659033078881,0.05364715860899067,18.640316205533598
25,SV-4,覆潮之下,2021-05-01 16:00:00+08:00,12,224,酮凝集,200,0.8660714285714286,0.07217261904761905,13.855670103092782,固源岩,194,0.8660714285714286,0.07217261904761905,13.855670103092782
26,SV-5,覆潮之下,2021-05-01 16:00:00+08:00,12,343,聚酸酯,387,0.5918367346938775,0.04931972789115646,20.275862068965516,糖,203,0.5918367346938775,0.04931972789115646,20.275862068965516
27,SV-6,覆潮之下,2021-05-01 16:00:00+08:00,12,644,异铁,587,0.8773291925465838,0.07311076604554866,13.67787610619469,固源岩,565,0.8773291925465838,0.07311076604554866,13.67787610619469
28,TW-4,沃伦姆德的薄暮・复刻,2021-06-17 16:00:00+08:00,12,174,聚酸酯,204,0.8160919540229885,0.06800766283524905,14.704225352112674,固源岩,142,0.8160919540229885,0.06800766283524905,14.704225352112674
29,TW-5,沃伦姆德的薄暮・复刻,2021-06-17 16:00:00+08:00,15,176,酮凝集,201,0.39204545454545453,0.026136363636363635,38.26086956521739,装置,69,0.39204545454545453,0.026136363636363635,38.26086956521739
30,RI-4,密林悍将归来・复刻,2021-07-20 16:00:00+08:00,12,123,聚酸酯,143,0.7886178861788617,0.06571815718157181,15.216494845360826,固源岩,97,0.7886178861788617,0.06571815718157181,15.216494845360826
31,RI-5,密林悍将归来・复刻,2021-07-20 16:00:00+08:00,15,474,异铁,523,0.43037974683544306,0.02869198312236287,34.85294117647059,装置,204,0.43037974683544306,0.02869198312236287,34.85294117647059
32,MN-4,玛莉娅・临光・复刻,2021-10-01 16:00:00+08:00,12,40,糖,44,0.15,0.012499999999999999,80.0,装置,6,0.15,0.012499999999999999,80.0
33,MN-5,玛莉娅・临光・复刻,2021-10-01 16:00:00+08:00,15,80,异铁,89,1.0875,0.0725,13.793103448275863,固源岩,87,1.0875,0.0725,13.793103448275863
34,NL-4,长夜临光,2021-11-01 16:00:00+08:00,12,448,聚酸酯,485,0.8616071428571429,0.07180059523809525,13.927461139896371,固源岩,386,0.8616071428571429,0.07180059523809525,13.927461139896371
35,NL-5,长夜临光,2021-11-01 16:00:00+08:00,12,301,酮凝集,273,0.6411960132890365,0.05343300110741971,18.71502590673575,糖,193,0.6411960132890365,0.05343300110741971,18.71502590673575
36,NL-6,长夜临光,2021-11-01 16:00:00+08:00,15,615,异铁,692,1.0406504065040652,0.06937669376693768,14.414062499999996,固源岩,640,1.0406504065040652,0.06937669376693768,14.414062499999996
37,NL-7,长夜临光,2021-11-01 16:00:00+08:00,15,688,装置,615,0.6162790697674418,0.04108527131782946,24.339622641509433,异铁,424,0.6162790697674418,0.04108527131782946,24.339622641509433
38,MB-4,孤岛风云・复刻,2021-12-07 16:00:00+08:00,12,161,聚酸酯,174,0.8385093167701864,0.06987577639751553,14.31111111111111,固源岩,135,0.8385093167701864,0.06987577639751553,14.31111111111111
39,MB-5,孤岛风云・复刻,2021-12-07 16:00:00+08:00,15,86,酮凝集,99,0.3488372093023256,0.023255813953488372,43.0,装置,30,0.3488372093023256,0.023255813953488372,43.0
40,BI-4,风雪过境,2021-12-21 16:00:00+08:00,12,1622,酮凝集,1408,0.8347718865598027,0.06956432387998356,14.375184638109307,固源岩,1354,0.8347718865598027,0.06956432387998356,14.375184638109307
41,BI-5,风雪过境,2021-12-21 16:00:00+08:00,12,236,聚酸酯,257,0.5211864406779662,0.04343220338983051,23.024390243902438,糖,123,0.5211864406779662,0.04343220338983051,23.024390243902438
42,WR-4,画中人・复刻,2022-01-10 16:00:00+08:00,12,231,聚酸酯,262,0.8484848484848485,0.0707070707070707,14.142857142857144,固源岩,196,0.8484848484848485,0.0707070707070707,14.142857142857144
43,WR-5,画中人・复刻,2022-01-10 16:00:00+08:00,12,151,酮凝集,132,0.2913907284768212,0.024282560706401765,41.18181818181818,装置,44,0.2913907284768212,0.024282560706401765,41.18181818181818
44,WR-7,画中人・复刻,2022-01-10 16:00:00+08:00,12,215,异铁,196,0.5395348837209303,0.044961240310077526,22.241379310344826,糖,116,0.5395348837209303,0.044961240310077526,22.241379310344826
45,IW-4,将进酒,2022-01-25 16:00:00+08:00,12,4322,酮凝集,3903,0.8597871355853771,0.0716489279654481,13.956942949407965,固源岩,3716,0.8597871355853771,0.0716489279654481,13.956942949407965
46,IW-5,将进酒,2022-01-25 16:00:00+08:00,12,841,聚酸酯,899,0.5517241379310345,0.04597701149425287,21.75,糖,464,0.5517241379310345,0.04597701149425287,21.75
47,GA-4,吾导先路,2022-03-15 16:00:00+08:00,12,18135,装置,12128,0.833085194375517,0.06942376619795974,14.404289118347895,固源岩,15108,0.833085194375517,0.06942376619795974,14.404289118347895
48,GA-5,吾导先路,2022-03-15 16:00:00+08:00,12,1140,异铁,1004,0.5482456140350878,0.04568713450292398,21.887999999999998,糖,625,0.5482456140350878,0.04568713450292398,21.887999999999998
49,WD-3,遗尘漫步・复刻,2022-03-29 16:00:00+08:00,12,24,酮凝集,17,0.7083333333333334,0.05902777777777778,16.941176470588236,糖,17,0.7083333333333334,0.05902777777777778,16.941176470588236
50,WD-4,遗尘漫步・复刻,2022-03-29 16:00:00+08:00,12,3067,异铁,2781,0.8549070753179002,0.07124225627649168,14.036613272311214,固源岩,2622,0.8549070753179002,0.07124225627649168,14.036613272311214
51,WD-5,遗尘漫步・复刻,2022-03-29 16:00:00+08:00,12,1156,装置,884,0.6522491349480969,0.054354094579008076,18.39787798408488,糖,754,0.6522491349480969,0.054354094579008076,18.39787798408488
52,SN-4,愚人号,2022-05-01 16:00:00+08:00,12,6069,聚酸酯,6708,0.3288844949744604,0.0274070412478717,36.48697394789579,装置,1996,0.3288844949744604,0.0274070412478717,36.48697394789579
53,SN-5,愚人号,2022-05-01 16:00:00+08:00,12,5783,异铁,5119,0.45322496973888987,0.03776874747824082,26.476917207172836,酮凝集,2621,0.45322496973888987,0.03776874747824082,26.476917207172836
54,SN-6,愚人号,2022-05-01 16:00:00+08:00,15,16815,糖,23462,1.0421647338685698,0.06947764892457133,14.39311800958685,固源岩,17524,1.0421647338685698,0.06947764892457133,14.39311800958685
55,SN-7,愚人号,2022-05-01 16:00:00+08:00,15,4316,装置,3606,0.54935125115848,0.03662341674389867,27.304934626739772,异铁,2371,0.54935125115848,0.03662341674389867,27.304934626739772
56,LE-3,尘影余音,2022-06-09 16:00:00+08:00,12,57798,装置,38432,0.8309803107373958,0.06924835922811631,14.440775364883716,固源岩,48029,0.8309803107373958,0.06924835922811631,14.440775364883716
57,LE-4,尘影余音,2022-06-09 16:00:00+08:00,12,2663,异铁,2360,0.552009012392039,0.04600075103266992,21.738775510204082,糖,1470,0.552009012392039,0.04600075103266992,21.738775510204082
58,DV-3,绿野幻梦,2022-07-05 16:00:00+08:00,12,21129,装置,14053,0.5505229778976761,0.045876914824806346,21.7974552957359,聚酸酯,11632,0.5505229778976761,0.045876914824806346,21.7974552957359
59,DV-4,绿野幻梦,2022-07-05 16:00:00+08:00,12,8165,糖,9076,0.44727495407225965,0.03727291283935497,26.829134720700985,异铁,3652,0.44727495407225965,0.03727291283935497,26.829134720700985
60,DV-5,绿野幻梦,2022-07-05 16:00:00+08:00,15,16769,酮凝集,18643,0.4177947402945912,0.02785298268630608,35.90279760205538,装置,7006,0.4177947402945912,0.02785298268630608,35.90279760205538
61,IC-3,理想城：长夏狂欢季,2022-08-11 16:00:00+08:00,12,109368,固源岩,182434,0.5537542974178918,0.04614619145149099,21.670260720241735,聚酸酯,60563,0.5537542974178918,0.04614619145149099,21.670260720241735
62,IC-4,理想城：长夏狂欢季,2022-08-11 16:00:00+08:00,12,13168,糖,14616,0.3314854191980559,0.027623784933171327,36.20068728522337,装置,4365,0.3314854191980559,0.027623784933171327,36.20068728522337
63,IC-5,理想城：长夏狂欢季,2022-08-11 16:00:00+08:00,15,58337,酮凝集,64775,1.0414145396575072,0.06942763597716714,14.403486247592713,固源岩,60753,1.0414145396575072,0.06942763597716714,14.403486247592713
64,IC-6,理想城：长夏狂欢季,2022-08-11 16:00:00+08:00,15,36572,装置,30094,0.5503937438477524,0.03669291625651683,27.25321675194992,异铁,20129,0.5503937438477524,0.03669291625651683,27.25321675194992
65,NL-4,长夜临光・复刻,2022-09-22 16:00:00+08:00,12,20010,聚酸酯,22214,0.8283858070964518,0.06903215059137098,14.48600386100386,固源岩,16576,0.8283858070964518,0.06903215059137098,14.48600386100386
66,NL-5,长夜临光・复刻,2022-09-22 16:00:00+08:00,12,6761,酮凝集,5965,0.5484395799437953,0.04570329832864961,21.880258899676374,糖,3708,0.5484395799437953,0.04570329832864961,21.880258899676374
67,NL-6,长夜临光・复刻,2022-09-22 16:00:00+08:00,15,41849,异铁,46531,1.0401682238524217,0.0693445482568281,14.420744314266026,固源岩,43530,1.0401682238524217,0.0693445482568281,14.420744314266026
68,NL-7,长夜临光・复刻,2022-09-22 16:00:00+08:00,15,48063,装置,40050,0.5541476811684664,0.036943178744564424,27.06859653075017,异铁,26634,0.5541476811684664,0.036943178744564424,27.06859653075017
69,IS-4,叙拉古人,2022-11-01 16:00:00+08:00,12,426007,固源岩,710434,0.4424504761658846,0.03687087301382372,27.121679479221378,异铁,188487,0.4424504761658846,0.03687087301382372,27.121679479221378
70,IS-5,叙拉古人,2022-11-01 16:00:00+08:00,12,24399,酮凝集,21671,0.5528095413746466,0.046067461781220544,21.70729537366548,聚酸酯,13488,0.5528095413746466,0.046067461781220544,21.70729537366548
71,IS-6,叙拉古人,2022-11-01 16:00:00+08:00,15,32034,聚酸酯,44613,0.6966972591621402,0.04644648394414268,21.53015503181289,糖,22318,0.6966972591621402,0.04644648394414268,21.53015503181289
72,IS-7,叙拉古人,2022-11-01 16:00:00+08:00,15,59374,装置,49239,0.5556135682285175,0.03704090454856783,26.997180878474648,酮凝集,32989,0.5556135682285175,0.03704090454856783,26.997180878474648
73,BI-4,风雪过境・复刻,2022-12-01 16:00:00+08:00,12,11413,酮凝集,10114,0.826075527906773,0.06883962732556441,14.52651675859143,固源岩,9428,0.826075527906773,0.06883962732556441,14.52651675859143
74,BI-5,风雪过境・复刻,2022-12-01 16:00:00+08:00,12,388,聚酸酯,441,0.5902061855670103,0.04918384879725086,20.33187772925764,糖,229,0.5902061855670103,0.04918384879725086,20.33187772925764
75,FC-3,照我以火,2022-12-15 16:00:00+08:00,12,14541,聚酸酯,16160,0.5519565366893611,0.04599637805744675,21.740842262646403,糖,8026,0.5519565366893611,0.04599637805744675,21.740842262646403
76,FC-4,照我以火,2022-12-15 16:00:00+08:00,12,24282,酮凝集,21590,0.44024380199324603,0.03668698349943717,27.25762394761459,异铁,10690,0.44024380199324603,0.03668698349943717,27.25762394761459
77,IW-4,将进酒・复刻,2023-01-01 16:00:00+08:00,12,96401,酮凝集,85586,0.8321282974243006,0.06934402478535838,14.420853175097859,固源岩,80218,0.8321282974243006,0.06934402478535838,14.420853175097859
78,IW-5,将进酒・复刻,2023-01-01 16:00:00+08:00,12,6872,聚酸酯,7648,0.5644644935972061,0.047038707799767175,21.259087393658156,糖,3879,0.5644644935972061,0.047038707799767175,21.259087393658156
79,WB-4,登临意,2023-01-17 16:00:00+08:00,12,24177,异铁,21527,0.5550316416428838,0.046252636803573645,21.62038900067069,糖,13419,0.5550316416428838,0.046252636803573645,21.62038900067069
80,WB-5,登临意,2023-01-17 16:00:00+08:00,12,42229,酮凝集,37424,0.33228350185891214,0.02769029182157601,36.11374002280502,装置,14032,0.33228350185891214,0.02769029182157601,36.11374002280502
81,WB-6,登临意,2023-01-17 16:00:00+08:00,12,129796,装置,86766,0.5542389595981386,0.04618657996651155,21.651310851010592,糖,71938,0.5542389595981386,0.04618657996651155,21.651310851010592
82,GA-4,吾导先路・复刻,2023-02-21 16:00:00+08:00,12,393477,装置,263997,0.8320410087501938,0.06933675072918281,14.422366053838095,固源岩,327389,0.8320410087501938,0.06933675072918281,14.422366053838095
83,GA-5,吾导先路・复刻,2023-02-21 16:00:00+08:00,12,17587,异铁,15660,0.5538750213225678,0.04615625177688065,21.665537419156145,糖,9741,0.5538750213225678,0.04615625177688065,21.665537419156145
84,SN-4,愚人号・复刻,2023-04-20 16:00:00+08:00,12,69734,聚酸酯,77316,0.33263544325580063,0.02771962027131672,36.075530263838594,装置,23196,0.33263544325580063,0.02771962027131672,36.075530263838594
85,SN-5,愚人号・复刻,2023-04-20 16:00:00+08:00,12,64895,异铁,57601,0.443470221126435,0.03695585176053625,27.059314083185658,酮凝集,28779,0.443470221126435,0.03695585176053625,27.059314083185658
86,SN-6,愚人号・复刻,2023-04-20 16:00:00+08:00,15,279130,糖,387119,1.0419052054598217,0.06946034703065478,14.396703194682749,固源岩,290827,1.0419052054598217,0.06946034703065478,14.396703194682749
87,SN-7,愚人号・复刻,2023-04-20 16:00:00+08:00,15,64298,装置,53514,0.5538585959127811,0.036923906394185406,27.082724924182862,异铁,35612,0.5538585959127811,0.036923906394185406,27.082724924182862
88,CW-4,孤星,2023-05-01 16:00:00+08:00,12,162256,聚酸酯,180215,0.3333251158662854,0.027777092988857114,36.00088750832039,装置,54084,0.3333251158662854,0.027777092988857114,36.00088750832039
89,CW-5,孤星,2023-05-01 16:00:00+08:00,12,68842,异铁,61251,0.44526597135469625,0.03710549761289136,26.95018432127361,酮凝集,30653,0.44526597135469625,0.03710549761289136,26.95018432127361
90,CW-6,孤星,2023-05-01 16:00:00+08:00,15,892812,糖,1240351,1.0421197295735272,0.06947464863823515,14.393739581284521,固源岩,930417,1.0421197295735272,0.06947464863823515,14.393739581284521
91,CW-7,孤星,2023-05-01 16:00:00+08:00,15,219354,异铁,243727,0.42443721108345417,0.028295814072230276,35.34091641425533,装置,93102,0.42443721108345417,0.028295814072230276,35.34091641425533
92,HE-4,空想花庭,2023-06-08 16:00:00+08:00,12,65802,聚酸酯,73104,0.4457007385793745,0.03714172821494787,26.92389525368249,酮凝集,29328,0.4457007385793745,0.03714172821494787,26.92389525368249
93,HE-5,空想花庭,2023-06-08 16:00:00+08:00,12,168813,糖,187451,0.331058627001475,0.027588218916789583,36.24735627247839,装置,55887,0.331058627001475,0.027588218916789583,36.24735627247839
94,LE-3,尘影余音・复刻,2023-06-20 16:00:00+08:00,12,476096,装置,319373,0.833163899717704,0.06943032497647533,14.402928408283039,固源岩,396666,0.833163899717704,0.06943032497647533,14.402928408283039
95,LE-4,尘影余音・复刻,2023-06-20 16:00:00+08:00,12,21770,异铁,19369,0.5578778135048231,0.046489817792068594,21.510086455331415,糖,12145,0.5578778135048231,0.046489817792068594,21.510086455331415
96,DV-3,绿野幻梦・复刻,2023-07-18 16:00:00+08:00,12,98795,装置,66380,0.5559188218027228,0.04632656848356023,21.585885437529587,聚酸酯,54922,0.5559188218027228,0.04632656848356023,21.585885437529587
97,DV-4,绿野幻梦・复刻,2023-07-18 16:00:00+08:00,12,22376,糖,24888,0.44020378977475866,0.036683649147896555,27.26010152284264,异铁,9850,0.44020378977475866,0.036683649147896555,27.26010152284264
98,DV-5,绿野幻梦・复刻,2023-07-18 16:00:00+08:00,15,48812,酮凝集,54236,0.42518233221339014,0.028345488814226008,35.278982364845334,装置,20754,0.42518233221339014,0.028345488814226008,35.278982364845334
99,SL-4,火山旅梦,2023-08-01 16:00:00+08:00,12,88196,聚酸酯,98116,0.5561249943308086,0.04634374952756739,21.57788289022998,糖,49048,0.5561249943308086,0.04634374952756739,21.57788289022998
100,SL-5,火山旅梦,2023-08-01 16:00:00+08:00,12,217898,酮凝集,193394,0.4463694021973584,0.0371974501831132,26.883563122667407,异铁,97263,0.4463694021973584,0.0371974501831132,26.883563122667407
101,IC-3,理想城：长夏狂欢季・复刻,2023-08-31 16:00:00+08:00,12,83680,固源岩,139457,0.5582934990439771,0.046524458253664754,21.49407080782568,聚酸酯,46718,0.5582934990439771,0.046524458253664754,21.49407080782568
102,IC-4,理想城：长夏狂欢季・复刻,2023-08-31 16:00:00+08:00,12,17646,糖,19662,0.33163323132721295,0.02763610261060108,36.18455228981545,装置,5852,0.33163323132721295,0.02763610261060108,36.18455228981545
103,IC-5,理想城：长夏狂欢季・复刻,2023-08-31 16:00:00+08:00,15,80980,酮凝集,89957,1.0419115831069399,0.06946077220712933,14.396615070993434,固源岩,84374,1.0419115831069399,0.06946077220712933,14.396615070993434
104,IC-6,理想城：长夏狂欢季・复刻,2023-08-31 16:00:00+08:00,15,82932,装置,69129,0.5544421936043988,0.03696281290695992,27.054218046584456,异铁,45981,0.5544421936043988,0.03696281290695992,27.054218046584456
105,CV-4,不义之财,2023-09-05 16:00:00+08:00,12,516296,固源岩,860476,0.5563475215767699,0.04636229346473083,21.56925219328784,聚酸酯,287240,0.5563475215767699,0.04636229346473083,21.56925219328784
106,CV-5,不义之财,2023-09-05 16:00:00+08:00,12,92300,异铁,82209,0.33143011917659804,0.027619176598049838,36.20672746886339,装置,30591,0.33143011917659804,0.027619176598049838,36.20672746886339
107,IS-4,叙拉古人・复刻,2023-10-22 16:00:00+08:00,12,292952,固源岩,488336,0.4450763264971736,0.03708969387476447,26.961667663706223,异铁,130386,0.4450763264971736,0.03708969387476447,26.961667663706223
108,IS-5,叙拉古人・复刻,2023-10-22 16:00:00+08:00,12,17038,酮凝集,15126,0.5615095668505693,0.046792463904214106,21.37096268422703,聚酸酯,9567,0.5615095668505693,0.046792463904214106,21.37096268422703
109,IS-6,叙拉古人・复刻,2023-10-22 16:00:00+08:00,15,18301,聚酸酯,25331,0.6965739577072291,0.0464382638471486,21.53396611233135,糖,12748,0.6965739577072291,0.0464382638471486,21.53396611233135
110,IS-7,叙拉古人・复刻,2023-10-22 16:00:00+08:00,15,78345,装置,65185,0.5526070585231987,0.03684047056821325,27.144061532775904,酮凝集,43294,0.5526070585231987,0.03684047056821325,27.144061532775904
111,RS-4,银心湖列车,2023-12-05 16:00:00+08:00,12,57939,聚酸酯,64380,0.33070988453373373,0.02755915704447781,36.28558008454674,装置,19161,0.33070988453373373,0.02755915704447781,36.28558008454674
112,RS-5,银心湖列车,2023-12-05 16:00:00+08:00,12,3665472,固源岩,6109303,0.44373166675396786,0.03697763889616399,27.04337080060941,酮凝集,1626486,0.44373166675396786,0.03697763889616399,27.04337080060941
113,FC-3,照我以火・复刻,2023-12-22 16:00:00+08:00,12,15530,聚酸酯,17160,0.5557630392788152,0.04631358660656793,21.59193604449079,糖,8631,0.5557630392788152,0.04631358660656793,21.59193604449079
114,FC-4,照我以火・复刻,2023-12-22 16:00:00+08:00,12,20624,酮凝集,18238,0.44453064391000774,0.03704422032583398,26.994764397905758,异铁,9168,0.44453064391000774,0.03704422032583398,26.994764397905758
115,WB-4,登临意・复刻,2024-01-18 16:00:00+08:00,12,26448,异铁,23502,0.5577359346642469,0.0464779945553539,21.51555826723612,糖,14751,0.5577359346642469,0.0464779945553539,21.51555826723612
116,WB-5,登临意・复刻,2024-01-18 16:00:00+08:00,12,72253,酮凝集,64079,0.2968458057104895,0.024737150475874128,40.42502797463633,装置,21448,0.2968458057104895,0.024737150475874128,40.42502797463633
117,WB-6,登临意・复刻,2024-01-18 16:00:00+08:00,12,751454,装置,504166,0.5563041782996697,0.046358681524972474,21.570932716482034,糖,418037,0.5563041782996697,0.046358681524972474,21.570932716482034
118,HS-4,怀黍离,2024-02-01 16:00:00+08:00,12,39437,异铁,35047,0.441083246697264,0.036756937224772,27.205748778384592,酮凝集,17395,0.441083246697264,0.036756937224772,27.205748778384592
119,HS-5,怀黍离,2024-02-01 16:00:00+08:00,12,2313108,糖,2570158,0.8329628361494578,0.06941356967912148,14.406405038996063,固源岩,1926733,0.8329628361494578,0.06941356967912148,14.406405038996063
120,HS-6,怀黍离,2024-02-01 16:00:00+08:00,12,91958,聚酸酯,102216,0.33192326931860194,0.027660272443216827,36.152933853159915,装置,30523,0.33192326931860194,0.027660272443216827,36.152933853159915
121,CR-3,水晶箭行动,2024-03-07 16:00:00+08:00,12,681000,酮凝集,604868,0.8323127753303965,0.06935939794419971,14.417656866117976,固源岩,566805,0.8323127753303965,0.06935939794419971,14.417656866117976
122,CR-4,水晶箭行动,2024-03-07 16:00:00+08:00,12,23572,聚酸酯,26271,0.5577379942304429,0.046478166185870244,21.51547881646003,糖,13147,0.5577379942304429,0.046478166185870244,21.51547881646003
123,CR-5,水晶箭行动,2024-03-07 16:00:00+08:00,12,560076,装置,376251,0.4440986580392661,0.037008221503272175,27.021022880323564,异铁,248729,0.4440986580392661,0.037008221503272175,27.021022880323564
124,OD-4,源石尘行动・复刻,2024-03-21 16:00:00+08:00,12,91702,酮凝集,81444,0.8319993020871955,0.06933327517393297,14.423089021704937,固源岩,76296,0.8319993020871955,0.06933327517393297,14.423089021704937
125,OD-5,源石尘行动・复刻,2024-03-21 16:00:00+08:00,12,16593,聚酸酯,18461,0.5558970650274212,0.046324755418951764,21.586730268863835,糖,9224,0.5558970650274212,0.046324755418951764,21.586730268863835
126,OD-6,源石尘行动・复刻,2024-03-21 16:00:00+08:00,12,1747257,装置,1171703,0.8328305452489244,0.06940254543741037,14.408693423238127,固源岩,1455169,0.8328305452489244,0.06940254543741037,14.408693423238127
127,BB-3,巴别塔,2024-04-11 16:00:00+08:00,12,32273,异铁,28624,0.44225823443745543,0.03685485286978795,27.13346878722063,酮凝集,14273,0.44225823443745543,0.03685485286978795,27.13346878722063
128,BB-4,巴别塔,2024-04-11 16:00:00+08:00,12,1897944,糖,2108565,0.8330066640533125,0.06941722200444271,14.405647058823527,固源岩,1581000,0.8330066640533125,0.06941722200444271,14.405647058823527
129,BB-5,巴别塔,2024-04-11 16:00:00+08:00,12,89343,聚酸酯,99206,0.3328744277671446,0.02773953564726205,36.049630127774044,装置,29740,0.3328744277671446,0.02773953564726205,36.049630127774044
130,CW-4,孤星・复刻,2024-05-24 16:00:00+08:00,12,42767,聚酸酯,47465,0.3354221713003016,0.027951847608358466,35.77581038689439,装置,14345,0.3354221713003016,0.027951847608358466,35.77581038689439
131,CW-5,孤星・复刻,2024-05-24 16:00:00+08:00,12,25635,异铁,22729,0.44447045055588064,0.037039204212990055,26.998420221169035,酮凝集,11394,0.44447045055588064,0.037039204212990055,26.998420221169035
132,CW-6,孤星・复刻,2024-05-24 16:00:00+08:00,15,1243434,糖,1726658,1.0416041382172274,0.0694402758811485,14.400864445175367,固源岩,1295166,1.0416041382172274,0.0694402758811485,14.400864445175367
133,CW-7,孤星・复刻,2024-05-24 16:00:00+08:00,15,75678,异铁,84064,0.4256322841512725,0.028375485610084836,35.241687622240846,装置,32211,0.4256322841512725,0.028375485610084836,35.241687622240846
134,BP-3,生路,2024-06-05 16:00:00+08:00,12,38309,异铁,34091,0.44650082226108745,0.03720840185509062,26.87565039462146,酮凝集,17105,0.44650082226108745,0.03720840185509062,26.87565039462146
135,BP-4,生路,2024-06-05 16:00:00+08:00,12,5300917,固源岩,8837033,0.5561845243002296,0.04634871035835247,21.575573349686326,聚酸酯,2948288,0.5561845243002296,0.04634871035835247,21.575573349686326
136,HE-4,空想花庭・复刻,2024-06-25 16:00:00+08:00,12,29785,聚酸酯,33026,0.4459963068658721,0.03716635890548934,26.906052393857273,酮凝集,13284,0.4459963068658721,0.03716635890548934,26.906052393857273
137,HE-5,空想花庭・复刻,2024-06-25 16:00:00+08:00,12,614939,糖,683193,0.32903100957981196,0.027419250798317665,36.47072662034063,装置,202334,0.32903100957981196,0.027419250798317665,36.47072662034063
138,AS-4,太阳甩在身后,2024-08-01 16:00:00+08:00,12,79921,聚酸酯,88747,0.33219053815642946,0.02768254484636912,36.123846472560174,装置,26549,0.33219053815642946,0.02768254484636912,36.123846472560174
139,AS-5,太阳甩在身后,2024-08-01 16:00:00+08:00,12,47520,异铁,42129,0.44276094276094274,0.03689674523007856,27.102661596958175,酮凝集,21040,0.44276094276094274,0.03689674523007856,27.102661596958175
140,AS-6,太阳甩在身后,2024-08-01 16:00:00+08:00,12,3121945,糖,3467063,0.832610760279249,0.06938423002327075,14.412496898280926,固源岩,2599365,0.832610760279249,0.06938423002327075,14.412496898280926
141,SL-4,火山旅梦・复刻,2024-08-22 16:00:00+08:00,12,2217,聚酸酯,2473,0.5412719891745602,0.04510599909788002,22.17,糖,1200,0.5412719891745602,0.04510599909788002,22.17
142,SL-5,火山旅梦・复刻,2024-08-22 16:00:00+08:00,12,4041,酮凝集,3624,0.437268002969562,0.0364390002474635,27.443123938879456,异铁,1767,0.437268002969562,0.0364390002474635,27.443123938879456
143,DT-3,泰拉饭,2024-09-02 16:00:00+08:00,12,1770042,聚酸酯,1966347,0.8330858815779513,0.06942382346482927,14.404277236424596,固源岩,1474597,0.8330858815779513,0.06942382346482927,14.404277236424596
144,DT-4,泰拉饭,2024-09-02 16:00:00+08:00,12,27057,异铁,24076,0.5567505636249399,0.04639588030207833,21.553637812002126,糖,15064,0.5567505636249399,0.04639588030207833,21.553637812002126
145,DT-5,泰拉饭,2024-09-02 16:00:00+08:00,12,54237,酮凝集,48328,0.3308258200121688,0.027568818334347402,36.272864069553584,装置,17943,0.3308258200121688,0.027568818334347402,36.272864069553584
146,CV-4,不义之财・复刻,2024-09-19 16:00:00+08:00,12,418713,固源岩,697732,0.5555093823215425,0.046292448526795205,21.601795364554448,聚酸酯,232599,0.5555093823215425,0.046292448526795205,21.601795364554448
147,CV-5,不义之财・复刻,2024-09-19 16:00:00+08:00,12,11576,异铁,10327,0.29751209398756046,0.02479267449896337,40.33449477351917,装置,3444,0.29751209398756046,0.02479267449896337,40.33449477351917
148,GO-4,追迹日落以西,2024-10-09 16:00:00+08:00,12,57610,固源岩,95914,0.5572817219232772,0.04644014349360643,21.53309453356175,聚酸酯,32105,0.5572817219232772,0.04644014349360643,21.53309453356175
149,GO-5,追迹日落以西,2024-10-09 16:00:00+08:00,12,3033,异铁,2719,0.32146389713155293,0.026788658094296078,37.32923076923077,装置,975,0.32146389713155293,0.026788658094296078,37.32923076923077
150,GO-6,追迹日落以西,2024-10-09 16:00:00+08:00,12,272,酮凝集,241,0.5735294117647058,0.04779411764705882,20.923076923076923,糖,156,0.5735294117647058,0.04779411764705882,20.923076923076923
